pid,gender,deleg,cond,feasible,achieved_class,fallback_depth,n_valid_cands,n_changed_vars,diversity,anthro_viol,energy_viol,conflict_viol,any_viol
7074,Male,-,C0_pure,True,0.0,0.0,4,15.0,12.0859,1.0,0.0,0.5,1.0
7074,Male,-,C1_posthoc,False,,,0,,,,,,
7074,Male,aggressive,C2_pre_rule,True,0.0,0.0,3,4.67,2.3715,0.0,0.0,0.0,0.0
7074,Male,conservative,C2_pre_rule,True,0.0,0.0,4,4.5,0.5168,0.0,0.0,0.0,0.0
4311,Male,-,C0_pure,True,0.0,0.0,4,15.75,15.5771,0.0,0.0,0.5,1.0
4311,Male,-,C1_posthoc,False,,,0,,,,,,
4311,Male,aggressive,C2_pre_rule,True,0.0,0.0,4,8.25,2.8647,0.0,0.0,0.0,0.0
4311,Male,conservative,C2_pre_rule,True,0.0,0.0,4,7.25,2.2817,0.0,0.0,0.0,0.0
8566,Male,-,C0_pure,True,0.0,0.0,4,14.75,23.0653,0.0,0.25,0.75,1.0
8566,Male,-,C1_posthoc,False,,,0,,,,,,
8566,Male,aggressive,C2_pre_rule,True,0.0,0.0,4,8.5,5.668,0.0,0.0,0.0,0.0
8566,Male,conservative,C2_pre_rule,True,0.0,0.0,4,8.5,6.14,0.0,0.0,0.0,0.0
7460,Male,-,C0_pure,True,0.0,0.0,4,14.5,14.1254,1.0,0.25,0.75,1.0
7460,Male,-,C1_posthoc,False,,,0,,,,,,
7460,Male,aggressive,C2_pre_rule,True,0.0,0.0,2,8.5,2.9199,0.0,0.0,0.0,0.0
7460,Male,conservative,C2_pre_rule,True,0.0,0.0,1,9.0,0.0,0.0,0.0,0.0,0.0
6650,Male,-,C0_pure,True,0.0,0.0,4,15.25,14.4801,0.0,0.25,0.25,1.0
6650,Male,-,C1_posthoc,False,,,0,,,,,,
6650,Male,aggressive,C2_pre_rule,True,0.0,0.0,4,7.5,4.2658,0.0,0.0,0.0,0.0
6650,Male,conservative,C2_pre_rule,True,0.0,0.0,3,7.67,3.1423,0.0,0.0,0.0,0.0
7018,Male,-,C0_pure,True,0.0,0.0,4,14.5,10.3233,0.0,0.0,1.0,1.0
7018,Male,-,C1_posthoc,False,,,0,,,,,,
7018,Male,aggressive,C2_pre_rule,True,0.0,0.0,4,5.0,1.0937,0.0,0.0,0.0,0.0
7018,Male,conservative,C2_pre_rule,True,0.0,0.0,4,5.0,1.053,0.0,0.0,0.0,0.0
4071,Male,-,C0_pure,True,0.0,0.0,4,15.0,11.2118,0.5,0.0,0.25,1.0
4071,Male,-,C1_posthoc,False,,,0,,,,,,
4071,Male,aggressive,C2_pre_rule,True,0.0,0.0,4,9.0,4.0879,0.0,0.0,0.0,0.0
4071,Male,conservative,C2_pre_rule,True,0.0,0.0,4,9.25,2.8751,0.0,0.0,0.0,0.0
7225,Male,-,C0_pure,True,0.0,0.0,4,14.75,13.6944,0.0,0.0,0.75,1.0
7225,Male,-,C1_posthoc,False,,,0,,,,,,
7225,Male,aggressive,C2_pre_rule,True,0.0,0.0,4,12.25,5.9784,0.0,0.0,0.0,0.0
7225,Male,conservative,C2_pre_rule,True,0.0,0.0,4,15.0,7.1661,0.0,0.0,0.0,0.0
5728,Male,-,C0_pure,True,0.0,0.0,4,16.75,19.7308,0.0,0.5,0.75,1.0
5728,Male,-,C1_posthoc,False,,,0,,,,,,
5728,Male,aggressive,C2_pre_rule,True,0.0,0.0,4,6.25,2.915,0.0,0.0,0.0,0.0
5728,Male,conservative,C2_pre_rule,True,0.0,0.0,4,6.75,2.8121,0.0,0.0,0.0,0.0
4126,Male,-,C0_pure,True,0.0,0.0,4,16.5,16.6329,0.0,0.0,0.75,1.0
4126,Male,-,C1_posthoc,False,,,0,,,,,,
4126,Male,aggressive,C2_pre_rule,True,0.0,0.0,4,6.5,4.2932,0.0,0.0,0.0,0.0
4126,Male,conservative,C2_pre_rule,True,0.0,0.0,4,6.5,3.2902,0.0,0.0,0.0,0.0
4158,Male,-,C0_pure,True,0.0,0.0,4,15.25,9.6783,0.0,0.0,0.25,1.0
4158,Male,-,C1_posthoc,False,,,0,,,,,,
4158,Male,aggressive,C2_pre_rule,True,0.0,0.0,4,8.5,2.2584,0.0,0.0,0.0,0.0
4158,Male,conservative,C2_pre_rule,True,0.0,0.0,4,8.5,2.2186,0.0,0.0,0.0,0.0
7992,Male,-,C0_pure,True,0.0,0.0,4,15.5,20.9322,0.25,0.25,0.0,1.0
7992,Male,-,C1_posthoc,False,,,0,,,,,,
7992,Male,aggressive,C2_pre_rule,True,0.0,0.0,3,6.33,2.3344,0.0,0.0,0.0,0.0
7992,Male,conservative,C2_pre_rule,True,0.0,0.0,3,6.33,2.422,0.0,0.0,0.0,0.0
8795,Male,-,C0_pure,True,0.0,0.0,4,15.75,14.5316,0.0,0.0,0.25,1.0
8795,Male,-,C1_posthoc,False,,,0,,,,,,
8795,Male,aggressive,C2_pre_rule,True,0.0,0.0,4,10.25,4.2624,0.0,0.0,0.0,0.0
8795,Male,conservative,C2_pre_rule,True,0.0,0.0,3,11.33,2.5718,0.0,0.0,0.0,0.0
9073,Male,-,C0_pure,True,0.0,0.0,4,15.25,19.966,0.0,0.25,0.0,1.0
9073,Male,-,C1_posthoc,False,,,0,,,,,,
9073,Male,aggressive,C2_pre_rule,True,0.0,0.0,1,19.0,0.0,0.0,0.0,0.0,0.0
9073,Male,conservative,C2_pre_rule,True,1.0,1.0,4,6.5,9.9885,0.0,0.0,0.0,0.0
3612,Male,-,C0_pure,True,0.0,0.0,4,17.25,28.2053,0.0,0.25,0.0,1.0
3612,Male,-,C1_posthoc,False,,,0,,,,,,
3612,Male,aggressive,C2_pre_rule,True,0.0,0.0,4,9.75,7.8671,0.0,0.0,0.0,0.0
3612,Male,conservative,C2_pre_rule,True,0.0,0.0,4,10.5,6.85,0.0,0.0,0.0,0.0
7902,Male,-,C0_pure,True,0.0,0.0,4,16.25,14.1538,0.0,0.0,0.25,1.0
7902,Male,-,C1_posthoc,False,,,0,,,,,,
7902,Male,aggressive,C2_pre_rule,True,0.0,0.0,3,10.67,6.187,0.0,0.0,0.0,0.0
7902,Male,conservative,C2_pre_rule,True,0.0,0.0,3,14.67,4.8995,0.0,0.0,0.0,0.0
5416,Male,-,C0_pure,True,0.0,0.0,4,14.75,12.5238,0.0,0.0,0.0,0.0
5416,Male,-,C1_posthoc,False,,,0,,,,,,
5416,Male,aggressive,C2_pre_rule,True,0.0,0.0,4,10.25,5.0948,0.0,0.0,0.0,0.0
5416,Male,conservative,C2_pre_rule,True,0.0,0.0,3,10.33,3.5099,0.0,0.0,0.0,0.0
8167,Male,-,C0_pure,True,0.0,0.0,4,15.75,23.1075,0.0,0.25,0.25,1.0
8167,Male,-,C1_posthoc,False,,,0,,,,,,
8167,Male,aggressive,C2_pre_rule,True,0.0,0.0,4,9.0,5.5108,0.0,0.0,0.0,0.0
8167,Male,conservative,C2_pre_rule,True,0.0,0.0,4,9.0,4.7932,0.0,0.0,0.0,0.0
3338,Male,-,C0_pure,True,0.0,0.0,4,16.25,9.3208,0.5,0.0,0.25,1.0
3338,Male,-,C1_posthoc,False,,,0,,,,,,
3338,Male,aggressive,C2_pre_rule,True,0.0,0.0,1,18.0,0.0,0.0,0.0,0.0,0.0
3338,Male,conservative,C2_pre_rule,True,2.0,2.0,1,11.0,0.0,0.0,0.0,0.0,0.0
9469,Male,-,C0_pure,True,0.0,0.0,3,15.0,16.6606,0.0,0.0,0.6666666666666666,1.0
9469,Male,-,C1_posthoc,False,,,0,,,,,,
9469,Male,aggressive,C2_pre_rule,True,0.0,0.0,3,11.0,5.1857,0.0,0.0,0.0,0.0
9469,Male,conservative,C2_pre_rule,True,0.0,0.0,2,14.0,14.4616,0.0,0.0,0.0,0.0
5145,Male,-,C0_pure,True,0.0,0.0,4,16.25,13.549,1.0,0.0,0.5,1.0
5145,Male,-,C1_posthoc,False,,,0,,,,,,
5145,Male,aggressive,C2_pre_rule,False,,,0,,,,,,
5145,Male,conservative,C2_pre_rule,False,,,0,,,,,,
6627,Male,-,C0_pure,True,0.0,0.0,3,14.67,20.3159,0.6666666666666666,0.0,1.0,1.0
6627,Male,-,C1_posthoc,False,,,0,,,,,,
6627,Male,aggressive,C2_pre_rule,True,0.0,0.0,4,5.75,2.0801,0.0,0.0,0.0,0.0
6627,Male,conservative,C2_pre_rule,True,0.0,0.0,3,6.0,1.8301,0.0,0.0,0.0,0.0
6633,Male,-,C0_pure,True,0.0,0.0,4,14.75,17.509,0.0,0.0,0.25,1.0
6633,Male,-,C1_posthoc,False,,,0,,,,,,
6633,Male,aggressive,C2_pre_rule,True,0.0,0.0,1,20.0,0.0,0.0,0.0,0.0,0.0
6633,Male,conservative,C2_pre_rule,True,0.0,0.0,1,18.0,0.0,0.0,0.0,0.0,0.0
5186,Male,-,C0_pure,True,0.0,0.0,4,14.75,14.8281,0.0,0.0,0.0,0.0
5186,Male,-,C1_posthoc,False,,,0,,,,,,
5186,Male,aggressive,C2_pre_rule,True,0.0,0.0,3,12.0,5.3262,0.0,0.0,0.0,0.0
5186,Male,conservative,C2_pre_rule,True,0.0,0.0,2,18.0,10.488,0.0,0.0,0.0,0.0
6593,Male,-,C0_pure,True,0.0,0.0,4,15.25,11.0647,0.0,0.0,0.25,1.0
6593,Male,-,C1_posthoc,False,,,0,,,,,,
6593,Male,aggressive,C2_pre_rule,True,0.0,0.0,4,8.0,2.9177,0.0,0.0,0.0,0.0
6593,Male,conservative,C2_pre_rule,True,0.0,0.0,4,8.25,4.4065,0.0,0.0,0.0,0.0
9211,Male,-,C0_pure,True,0.0,0.0,4,15.5,17.3988,0.0,0.0,0.5,1.0
9211,Male,-,C1_posthoc,False,,,0,,,,,,
9211,Male,aggressive,C2_pre_rule,True,0.0,0.0,4,6.25,2.8079,0.0,0.0,0.0,0.0
9211,Male,conservative,C2_pre_rule,True,0.0,0.0,4,7.25,2.6618,0.0,0.0,0.0,0.0
5110,Male,-,C0_pure,True,0.0,0.0,4,15.0,10.1616,0.0,0.0,0.25,1.0
5110,Male,-,C1_posthoc,False,,,0,,,,,,
5110,Male,aggressive,C2_pre_rule,True,0.0,0.0,4,7.25,3.2969,0.0,0.0,0.0,0.0
5110,Male,conservative,C2_pre_rule,True,0.0,0.0,4,8.0,3.3166,0.0,0.0,0.0,0.0
8291,Male,-,C0_pure,True,0.0,0.0,4,14.25,13.4666,0.75,0.0,0.5,1.0
8291,Male,-,C1_posthoc,False,,,0,,,,,,
8291,Male,aggressive,C2_pre_rule,True,0.0,0.0,4,8.5,4.2896,0.0,0.0,0.0,0.0
8291,Male,conservative,C2_pre_rule,True,0.0,0.0,4,8.75,3.783,0.0,0.0,0.0,0.0
3417,Male,-,C0_pure,True,0.0,0.0,4,16.75,20.3336,0.5,0.0,0.0,1.0
3417,Male,-,C1_posthoc,False,,,0,,,,,,
3417,Male,aggressive,C2_pre_rule,True,0.0,0.0,3,9.0,6.6033,0.0,0.0,0.0,0.0
3417,Male,conservative,C2_pre_rule,True,0.0,0.0,3,12.67,12.8602,0.0,0.0,0.0,0.0
8760,Male,-,C0_pure,True,0.0,0.0,4,15.5,11.0878,0.25,0.0,1.0,1.0
8760,Male,-,C1_posthoc,False,,,0,,,,,,
8760,Male,aggressive,C2_pre_rule,True,0.0,0.0,4,6.75,2.1164,0.0,0.0,0.0,0.0
8760,Male,conservative,C2_pre_rule,True,0.0,0.0,3,7.33,2.3161,0.0,0.0,0.0,0.0
9287,Male,-,C0_pure,True,0.0,0.0,4,15.5,16.936,0.75,0.25,0.5,1.0
9287,Male,-,C1_posthoc,False,,,0,,,,,,
9287,Male,aggressive,C2_pre_rule,True,0.0,0.0,4,7.75,2.3317,0.0,0.0,0.0,0.0
9287,Male,conservative,C2_pre_rule,True,0.0,0.0,4,7.75,4.2563,0.0,0.0,0.0,0.0
8845,Male,-,C0_pure,True,0.0,0.0,4,15.0,14.3905,0.5,0.25,0.5,1.0
8845,Male,-,C1_posthoc,False,,,0,,,,,,
8845,Male,aggressive,C2_pre_rule,True,0.0,0.0,4,7.5,2.2668,0.0,0.0,0.0,0.0
8845,Male,conservative,C2_pre_rule,True,0.0,0.0,4,7.25,1.9933,0.0,0.0,0.0,0.0
8989,Male,-,C0_pure,True,0.0,0.0,4,16.0,22.5305,0.0,0.0,0.75,1.0
8989,Male,-,C1_posthoc,False,,,0,,,,,,
8989,Male,aggressive,C2_pre_rule,True,0.0,0.0,4,8.75,4.6023,0.0,0.0,0.0,0.0
8989,Male,conservative,C2_pre_rule,True,0.0,0.0,4,9.0,4.701,0.0,0.0,0.0,0.0
3752,Male,-,C0_pure,True,0.0,0.0,4,17.0,16.6122,0.25,0.0,0.5,1.0
3752,Male,-,C1_posthoc,False,,,0,,,,,,
3752,Male,aggressive,C2_pre_rule,True,0.0,0.0,3,18.0,8.1672,0.0,0.0,0.0,0.0
3752,Male,conservative,C2_pre_rule,True,0.0,0.0,1,16.0,0.0,0.0,0.0,0.0,0.0
7745,Male,-,C0_pure,True,0.0,0.0,4,16.0,14.2121,0.0,0.25,0.5,1.0
7745,Male,-,C1_posthoc,False,,,0,,,,,,
7745,Male,aggressive,C2_pre_rule,True,0.0,0.0,4,7.0,2.3759,0.0,0.0,0.0,0.0
7745,Male,conservative,C2_pre_rule,True,0.0,0.0,4,7.5,2.2904,0.0,0.0,0.0,0.0
8076,Male,-,C0_pure,True,0.0,0.0,4,16.5,19.003,0.25,0.25,0.5,1.0
8076,Male,-,C1_posthoc,False,,,0,,,,,,
8076,Male,aggressive,C2_pre_rule,True,0.0,0.0,4,8.25,3.6829,0.0,0.0,0.0,0.0
8076,Male,conservative,C2_pre_rule,True,0.0,0.0,4,8.25,2.8859,0.0,0.0,0.0,0.0
2601,Male,-,C0_pure,True,0.0,0.0,4,15.75,17.6466,0.0,0.25,0.5,1.0
2601,Male,-,C1_posthoc,False,,,0,,,,,,
2601,Male,aggressive,C2_pre_rule,True,0.0,0.0,4,12.25,7.5797,0.0,0.0,0.0,0.0
2601,Male,conservative,C2_pre_rule,True,0.0,0.0,4,13.5,6.262,0.0,0.0,0.0,0.0
8843,Male,-,C0_pure,True,0.0,0.0,4,15.0,11.3636,0.75,0.0,0.0,1.0
8843,Male,-,C1_posthoc,False,,,0,,,,,,
8843,Male,aggressive,C2_pre_rule,True,0.0,0.0,4,6.0,1.8669,0.0,0.0,0.0,0.0
8843,Male,conservative,C2_pre_rule,True,0.0,0.0,4,5.75,1.862,0.0,0.0,0.0,0.0
3197,Male,-,C0_pure,True,0.0,0.0,4,16.0,13.0452,0.25,0.0,0.5,1.0
3197,Male,-,C1_posthoc,False,,,0,,,,,,
3197,Male,aggressive,C2_pre_rule,True,0.0,0.0,4,11.0,7.0876,0.0,0.0,0.0,0.0
3197,Male,conservative,C2_pre_rule,True,0.0,0.0,4,12.0,5.6416,0.0,0.0,0.0,0.0
6589,Male,-,C0_pure,True,0.0,0.0,4,14.5,18.4947,0.25,0.25,0.0,1.0
6589,Male,-,C1_posthoc,False,,,0,,,,,,
6589,Male,aggressive,C2_pre_rule,True,0.0,0.0,4,7.75,5.0726,0.0,0.0,0.0,0.0
6589,Male,conservative,C2_pre_rule,True,0.0,0.0,4,8.75,4.1525,0.0,0.0,0.0,0.0
6419,Male,-,C0_pure,True,0.0,0.0,4,15.0,11.0746,0.5,0.0,0.5,1.0
6419,Male,-,C1_posthoc,False,,,0,,,,,,
6419,Male,aggressive,C2_pre_rule,True,0.0,0.0,4,7.5,3.3654,0.0,0.0,0.0,0.0
6419,Male,conservative,C2_pre_rule,True,0.0,0.0,4,8.0,3.8259,0.0,0.0,0.0,0.0
3027,Male,-,C0_pure,True,0.0,0.0,4,17.25,16.0089,0.0,0.5,0.25,1.0
3027,Male,-,C1_posthoc,False,,,0,,,,,,
3027,Male,aggressive,C2_pre_rule,True,0.0,0.0,4,7.5,2.5593,0.0,0.0,0.0,0.0
3027,Male,conservative,C2_pre_rule,True,0.0,0.0,4,8.0,2.4119,0.0,0.0,0.0,0.0
6352,Male,-,C0_pure,True,0.0,0.0,4,17.5,18.2942,0.0,0.25,0.25,1.0
6352,Male,-,C1_posthoc,False,,,0,,,,,,
6352,Male,aggressive,C2_pre_rule,True,0.0,0.0,3,15.67,9.0277,0.0,0.0,0.0,0.0
6352,Male,conservative,C2_pre_rule,True,0.0,0.0,4,16.25,5.8802,0.0,0.0,0.0,0.0
5447,Male,-,C0_pure,True,0.0,0.0,4,15.25,12.7809,0.0,0.0,0.0,0.0
5447,Male,-,C1_posthoc,False,,,0,,,,,,
5447,Male,aggressive,C2_pre_rule,True,0.0,0.0,4,12.75,8.9243,0.0,0.0,0.0,0.0
5447,Male,conservative,C2_pre_rule,True,0.0,0.0,4,14.25,9.0001,0.0,0.0,0.0,0.0
7856,Male,-,C0_pure,True,0.0,0.0,4,15.5,13.8011,0.25,0.0,0.75,1.0
7856,Male,-,C1_posthoc,False,,,0,,,,,,
7856,Male,aggressive,C2_pre_rule,True,0.0,0.0,4,6.25,2.6861,0.0,0.0,0.0,0.0
7856,Male,conservative,C2_pre_rule,True,0.0,0.0,4,6.25,2.7378,0.0,0.0,0.0,0.0
8516,Male,-,C0_pure,True,0.0,0.0,4,16.75,19.1433,0.5,0.25,1.0,1.0
8516,Male,-,C1_posthoc,False,,,0,,,,,,
8516,Male,aggressive,C2_pre_rule,True,0.0,0.0,3,9.0,4.5157,0.0,0.0,0.0,0.0
8516,Male,conservative,C2_pre_rule,True,0.0,0.0,3,9.0,4.2218,0.0,0.0,0.0,0.0
3849,Male,-,C0_pure,True,0.0,0.0,4,16.75,13.2496,0.0,0.25,0.0,1.0
3849,Male,-,C1_posthoc,False,,,0,,,,,,
3849,Male,aggressive,C2_pre_rule,True,2.0,2.0,1,14.0,0.0,0.0,0.0,0.0,0.0
3849,Male,conservative,C2_pre_rule,True,0.0,0.0,2,19.5,6.7106,0.0,0.0,0.0,0.0
2733,Male,-,C0_pure,True,0.0,0.0,4,15.25,19.8608,0.75,0.5,0.5,1.0
2733,Male,-,C1_posthoc,False,,,0,,,,,,
2733,Male,aggressive,C2_pre_rule,True,0.0,0.0,4,8.5,2.2601,0.0,0.0,0.0,0.0
2733,Male,conservative,C2_pre_rule,True,0.0,0.0,3,8.33,1.8238,0.0,0.0,0.0,0.0
8363,Male,-,C0_pure,True,0.0,0.0,3,17.0,15.6016,1.0,0.6666666666666666,0.3333333333333333,1.0
8363,Male,-,C1_posthoc,False,,,0,,,,,,
8363,Male,aggressive,C2_pre_rule,False,,,0,,,,,,
8363,Male,conservative,C2_pre_rule,False,,,0,,,,,,
9053,Male,-,C0_pure,True,0.0,0.0,4,17.0,22.2477,0.0,0.0,0.75,1.0
9053,Male,-,C1_posthoc,False,,,0,,,,,,
9053,Male,aggressive,C2_pre_rule,True,1.0,1.0,3,10.67,7.3141,0.0,0.0,0.0,0.0
9053,Male,conservative,C2_pre_rule,True,1.0,1.0,3,11.0,5.1781,0.0,0.0,0.0,0.0
7007,Male,-,C0_pure,True,0.0,0.0,4,16.75,20.0578,0.25,0.0,1.0,1.0
7007,Male,-,C1_posthoc,False,,,0,,,,,,
7007,Male,aggressive,C2_pre_rule,True,0.0,0.0,4,6.25,3.8025,0.0,0.0,0.0,0.0
7007,Male,conservative,C2_pre_rule,True,0.0,0.0,3,8.0,3.7039,0.0,0.0,0.0,0.0
8374,Male,-,C0_pure,True,0.0,0.0,4,14.0,9.6337,0.0,0.25,1.0,1.0
8374,Male,-,C1_posthoc,False,,,0,,,,,,
8374,Male,aggressive,C2_pre_rule,True,0.0,0.0,4,11.0,8.061,0.0,0.0,0.0,0.0
8374,Male,conservative,C2_pre_rule,True,0.0,0.0,4,8.5,4.9457,0.0,0.0,0.0,0.0
5925,Male,-,C0_pure,True,0.0,0.0,4,14.5,17.5714,0.0,0.0,0.5,1.0
5925,Male,-,C1_posthoc,False,,,0,,,,,,
5925,Male,aggressive,C2_pre_rule,True,0.0,0.0,4,6.75,3.1827,0.0,0.0,0.0,0.0
5925,Male,conservative,C2_pre_rule,True,0.0,0.0,4,6.75,3.4956,0.0,0.0,0.0,0.0
4792,Male,-,C0_pure,True,0.0,0.0,4,16.25,25.149,0.5,0.0,0.5,1.0
4792,Male,-,C1_posthoc,False,,,0,,,,,,
4792,Male,aggressive,C2_pre_rule,True,0.0,0.0,4,7.25,4.9449,0.0,0.0,0.0,0.0
4792,Male,conservative,C2_pre_rule,True,0.0,0.0,4,8.25,4.9685,0.0,0.0,0.0,0.0
8521,Male,-,C0_pure,True,0.0,0.0,4,15.25,19.371,0.75,0.0,0.5,1.0
8521,Male,-,C1_posthoc,False,,,0,,,,,,
8521,Male,aggressive,C2_pre_rule,True,0.0,0.0,3,14.33,10.7917,0.0,0.0,0.0,0.0
8521,Male,conservative,C2_pre_rule,True,0.0,0.0,3,14.67,7.5337,0.0,0.0,0.0,0.0
8410,Male,-,C0_pure,True,0.0,0.0,4,15.5,11.4852,1.0,0.25,0.5,1.0
8410,Male,-,C1_posthoc,False,,,0,,,,,,
8410,Male,aggressive,C2_pre_rule,True,0.0,0.0,3,9.67,1.3749,0.0,0.0,0.0,0.0
8410,Male,conservative,C2_pre_rule,True,0.0,0.0,4,9.25,4.1651,0.0,0.0,0.0,0.0
9595,Male,-,C0_pure,True,0.0,0.0,4,15.5,19.3178,0.0,0.25,0.75,1.0
9595,Male,-,C1_posthoc,False,,,0,,,,,,
9595,Male,aggressive,C2_pre_rule,True,0.0,0.0,3,10.0,8.1438,0.0,0.0,0.0,0.0
9595,Male,conservative,C2_pre_rule,True,0.0,0.0,2,9.5,8.327,0.0,0.0,0.0,0.0
8225,Male,-,C0_pure,True,0.0,0.0,4,14.75,15.3764,0.0,0.25,0.75,1.0
8225,Male,-,C1_posthoc,False,,,0,,,,,,
8225,Male,aggressive,C2_pre_rule,True,0.0,0.0,4,8.25,2.4857,0.0,0.0,0.0,0.0
8225,Male,conservative,C2_pre_rule,True,0.0,0.0,4,8.25,3.0984,0.0,0.0,0.0,0.0
6704,Male,-,C0_pure,True,0.0,0.0,4,16.25,22.1666,0.0,0.25,0.25,1.0
6704,Male,-,C1_posthoc,False,,,0,,,,,,
6704,Male,aggressive,C2_pre_rule,True,1.0,1.0,2,14.0,5.1013,0.0,0.0,0.0,0.0
6704,Male,conservative,C2_pre_rule,True,1.0,1.0,1,13.0,0.0,0.0,0.0,0.0,0.0
6524,Male,-,C0_pure,True,0.0,0.0,4,14.5,9.7727,0.0,0.0,0.5,1.0
6524,Male,-,C1_posthoc,False,,,0,,,,,,
6524,Male,aggressive,C2_pre_rule,True,0.0,0.0,4,9.75,4.048,0.0,0.0,0.0,0.0
6524,Male,conservative,C2_pre_rule,True,0.0,0.0,4,10.0,3.5316,0.0,0.0,0.0,0.0
3865,Male,-,C0_pure,True,0.0,0.0,4,16.75,23.99,0.25,0.25,0.5,1.0
3865,Male,-,C1_posthoc,False,,,0,,,,,,
3865,Male,aggressive,C2_pre_rule,True,0.0,0.0,4,8.0,7.6258,0.0,0.0,0.0,0.0
3865,Male,conservative,C2_pre_rule,True,0.0,0.0,3,9.0,7.0822,0.0,0.0,0.0,0.0
7571,Male,-,C0_pure,True,0.0,0.0,4,15.5,19.1449,0.25,0.0,0.25,1.0
7571,Male,-,C1_posthoc,False,,,0,,,,,,
7571,Male,aggressive,C2_pre_rule,True,0.0,0.0,4,6.0,1.7449,0.0,0.0,0.0,0.0
7571,Male,conservative,C2_pre_rule,True,0.0,0.0,4,6.75,2.2996,0.0,0.0,0.0,0.0
9381,Male,-,C0_pure,True,0.0,0.0,4,14.0,14.0492,0.0,0.5,0.5,1.0
9381,Male,-,C1_posthoc,False,,,0,,,,,,
9381,Male,aggressive,C2_pre_rule,True,0.0,0.0,4,8.25,4.1095,0.0,0.0,0.0,0.0
9381,Male,conservative,C2_pre_rule,True,0.0,0.0,3,8.33,3.2609,0.0,0.0,0.0,0.0
2694,Male,-,C0_pure,True,0.0,0.0,4,16.5,15.4417,0.0,0.0,0.0,0.0
2694,Male,-,C1_posthoc,False,,,0,,,,,,
2694,Male,aggressive,C2_pre_rule,True,0.0,0.0,2,18.0,9.432,0.0,0.0,0.0,0.0
2694,Male,conservative,C2_pre_rule,True,0.0,0.0,1,21.0,0.0,0.0,0.0,0.0,0.0
6647,Male,-,C0_pure,True,0.0,0.0,4,17.0,14.2792,0.0,0.25,0.25,1.0
6647,Male,-,C1_posthoc,False,,,0,,,,,,
6647,Male,aggressive,C2_pre_rule,True,0.0,0.0,3,7.33,2.7304,0.0,0.0,0.0,0.0
6647,Male,conservative,C2_pre_rule,True,0.0,0.0,2,9.0,4.8856,0.0,0.0,0.0,0.0
6681,Male,-,C0_pure,True,0.0,0.0,4,16.5,26.7125,0.75,0.5,0.25,1.0
6681,Male,-,C1_posthoc,False,,,0,,,,,,
6681,Male,aggressive,C2_pre_rule,True,0.0,0.0,3,9.0,2.5855,0.0,0.0,0.0,0.0
6681,Male,conservative,C2_pre_rule,True,0.0,0.0,4,8.75,3.6862,0.0,0.0,0.0,0.0
3537,Male,-,C0_pure,True,0.0,0.0,4,15.75,12.7542,0.0,0.75,0.75,1.0
3537,Male,-,C1_posthoc,False,,,0,,,,,,
3537,Male,aggressive,C2_pre_rule,True,0.0,0.0,3,11.0,4.5406,0.0,0.0,0.0,0.0
3537,Male,conservative,C2_pre_rule,True,0.0,0.0,3,11.67,4.5579,0.0,0.0,0.0,0.0
8517,Male,-,C0_pure,True,0.0,0.0,4,15.0,17.7285,0.0,0.25,0.25,1.0
8517,Male,-,C1_posthoc,False,,,0,,,,,,
8517,Male,aggressive,C2_pre_rule,True,0.0,0.0,3,14.33,10.7107,0.0,0.0,0.0,0.0
8517,Male,conservative,C2_pre_rule,True,0.0,0.0,3,14.67,6.8497,0.0,0.0,0.0,0.0
5624,Male,-,C0_pure,True,0.0,0.0,4,16.0,21.9353,0.75,0.25,0.0,1.0
5624,Male,-,C1_posthoc,False,,,0,,,,,,
5624,Male,aggressive,C2_pre_rule,True,0.0,0.0,3,8.67,4.171,0.0,0.0,0.0,0.0
5624,Male,conservative,C2_pre_rule,True,0.0,0.0,2,10.5,4.6092,0.0,0.0,0.0,0.0
9456,Male,-,C0_pure,True,0.0,0.0,4,14.5,14.2012,0.5,0.0,0.5,1.0
9456,Male,-,C1_posthoc,False,,,0,,,,,,
9456,Male,aggressive,C2_pre_rule,True,0.0,0.0,4,8.25,2.832,0.0,0.0,0.0,0.0
9456,Male,conservative,C2_pre_rule,True,0.0,0.0,3,8.33,2.8067,0.0,0.0,0.0,0.0
6741,Male,-,C0_pure,True,0.0,0.0,4,15.75,16.0885,0.0,0.0,0.75,1.0
6741,Male,-,C1_posthoc,False,,,0,,,,,,
6741,Male,aggressive,C2_pre_rule,True,0.0,0.0,2,15.0,2.5587,0.0,0.0,0.0,0.0
6741,Male,conservative,C2_pre_rule,True,0.0,0.0,2,17.0,8.6464,0.0,0.0,0.0,0.0
9657,Male,-,C0_pure,True,0.0,0.0,4,17.0,21.159,0.0,0.5,0.25,1.0
9657,Male,-,C1_posthoc,False,,,0,,,,,,
9657,Male,aggressive,C2_pre_rule,True,0.0,0.0,3,16.0,7.8907,0.0,0.0,0.0,0.0
9657,Male,conservative,C2_pre_rule,True,0.0,0.0,2,19.5,9.9562,0.0,0.0,0.0,0.0
2712,Male,-,C0_pure,True,0.0,0.0,4,16.75,22.7751,0.0,0.25,0.25,1.0
2712,Male,-,C1_posthoc,False,,,0,,,,,,
2712,Male,aggressive,C2_pre_rule,True,0.0,0.0,4,11.5,7.1831,0.0,0.0,0.0,0.0
2712,Male,conservative,C2_pre_rule,True,0.0,0.0,4,13.0,6.1347,0.0,0.0,0.0,0.0
8857,Male,-,C0_pure,True,0.0,0.0,4,14.5,15.3601,0.0,0.0,0.5,1.0
8857,Male,-,C1_posthoc,False,,,0,,,,,,
8857,Male,aggressive,C2_pre_rule,True,0.0,0.0,3,13.67,14.1421,0.0,0.0,0.0,0.0
8857,Male,conservative,C2_pre_rule,True,0.0,0.0,3,11.67,12.2783,0.0,0.0,0.0,0.0
3385,Male,-,C0_pure,True,0.0,0.0,4,15.75,11.6214,0.0,0.25,0.75,1.0
3385,Male,-,C1_posthoc,False,,,0,,,,,,
3385,Male,aggressive,C2_pre_rule,True,0.0,0.0,4,9.75,3.0684,0.0,0.0,0.0,0.0
3385,Male,conservative,C2_pre_rule,True,0.0,0.0,4,9.75,3.2027,0.0,0.0,0.0,0.0
3022,Male,-,C0_pure,True,0.0,0.0,4,16.75,19.4435,0.0,0.0,0.0,0.0
3022,Male,-,C1_posthoc,False,,,0,,,,,,
3022,Male,aggressive,C2_pre_rule,True,0.0,0.0,4,13.5,7.0196,0.0,0.0,0.0,0.0
3022,Male,conservative,C2_pre_rule,True,0.0,0.0,4,13.0,5.9975,0.0,0.0,0.0,0.0
6624,Male,-,C0_pure,True,0.0,0.0,3,14.0,5.0428,0.0,0.0,1.0,1.0
6624,Male,-,C1_posthoc,False,,,0,,,,,,
6624,Male,aggressive,C2_pre_rule,True,0.0,0.0,4,7.25,2.7504,0.0,0.0,0.0,0.0
6624,Male,conservative,C2_pre_rule,True,0.0,0.0,4,8.5,3.0183,0.0,0.0,0.0,0.0
8834,Male,-,C0_pure,True,0.0,0.0,4,15.25,10.5334,0.0,0.0,0.5,1.0
8834,Male,-,C1_posthoc,False,,,0,,,,,,
8834,Male,aggressive,C2_pre_rule,True,0.0,0.0,4,9.25,3.2385,0.0,0.0,0.0,0.0
8834,Male,conservative,C2_pre_rule,True,0.0,0.0,3,8.67,2.4388,0.0,0.0,0.0,0.0
3276,Male,-,C0_pure,True,0.0,0.0,3,15.0,16.1603,0.0,0.0,0.0,0.0
3276,Male,-,C1_posthoc,False,,,0,,,,,,
3276,Male,aggressive,C2_pre_rule,True,0.0,0.0,2,7.5,4.1349,0.0,0.0,0.0,0.0
3276,Male,conservative,C2_pre_rule,True,0.0,0.0,3,9.33,5.3361,0.0,0.0,0.0,0.0
3203,Male,-,C0_pure,True,0.0,0.0,4,15.5,8.9448,0.0,0.0,0.25,1.0
3203,Male,-,C1_posthoc,False,,,0,,,,,,
3203,Male,aggressive,C2_pre_rule,True,0.0,0.0,1,20.0,0.0,0.0,0.0,0.0,0.0
3203,Male,conservative,C2_pre_rule,True,0.0,0.0,3,17.0,6.1859,0.0,0.0,0.0,0.0
6707,Male,-,C0_pure,True,0.0,0.0,4,15.25,12.7256,0.0,0.0,0.5,1.0
6707,Male,-,C1_posthoc,False,,,0,,,,,,
6707,Male,aggressive,C2_pre_rule,True,1.0,1.0,3,11.67,9.4004,0.0,0.0,0.0,0.0
6707,Male,conservative,C2_pre_rule,True,1.0,1.0,4,12.0,9.3976,0.0,0.0,0.0,0.0
4297,Male,-,C0_pure,True,0.0,0.0,3,14.67,12.8213,0.0,0.0,0.6666666666666666,1.0
4297,Male,-,C1_posthoc,False,,,0,,,,,,
4297,Male,aggressive,C2_pre_rule,True,1.0,1.0,3,7.33,5.8473,0.0,0.0,0.0,0.0
4297,Male,conservative,C2_pre_rule,True,1.0,1.0,3,10.33,5.0419,0.0,0.0,0.0,0.0
9075,Male,-,C0_pure,True,0.0,0.0,4,16.0,10.2637,0.0,0.0,0.0,0.0
9075,Male,-,C1_posthoc,False,,,0,,,,,,
9075,Male,aggressive,C2_pre_rule,True,0.0,0.0,4,7.5,3.9217,0.0,0.0,0.0,0.0
9075,Male,conservative,C2_pre_rule,True,0.0,0.0,4,7.5,3.6984,0.0,0.0,0.0,0.0
5539,Male,-,C0_pure,True,0.0,0.0,4,16.0,10.6813,0.75,0.0,0.5,1.0
5539,Male,-,C1_posthoc,False,,,0,,,,,,
5539,Male,aggressive,C2_pre_rule,True,0.0,0.0,4,8.0,1.9516,0.0,0.0,0.0,0.0
5539,Male,conservative,C2_pre_rule,True,0.0,0.0,4,8.0,2.5825,0.0,0.0,0.0,0.0
5946,Male,-,C0_pure,True,0.0,0.0,4,15.25,23.989,0.5,0.5,0.0,1.0
5946,Male,-,C1_posthoc,False,,,0,,,,,,
5946,Male,aggressive,C2_pre_rule,True,0.0,0.0,4,7.5,4.2484,0.0,0.0,0.0,0.0
5946,Male,conservative,C2_pre_rule,True,0.0,0.0,2,8.5,6.7685,0.0,0.0,0.0,0.0
3726,Male,-,C0_pure,True,0.0,0.0,3,17.33,18.6675,0.6666666666666666,0.0,1.0,1.0
3726,Male,-,C1_posthoc,False,,,0,,,,,,
3726,Male,aggressive,C2_pre_rule,True,0.0,0.0,4,6.5,2.5437,0.0,0.0,0.0,0.0
3726,Male,conservative,C2_pre_rule,True,0.0,0.0,4,6.5,2.2343,0.0,0.0,0.0,0.0
6164,Male,-,C0_pure,True,0.0,0.0,4,15.25,15.7213,0.25,0.0,0.75,1.0
6164,Male,-,C1_posthoc,False,,,0,,,,,,
6164,Male,aggressive,C2_pre_rule,True,0.0,0.0,4,11.75,6.8684,0.0,0.0,0.0,0.0
6164,Male,conservative,C2_pre_rule,True,0.0,0.0,3,11.33,4.3539,0.0,0.0,0.0,0.0
8701,Male,-,C0_pure,True,0.0,0.0,3,17.0,17.1244,0.0,0.0,0.3333333333333333,1.0
8701,Male,-,C1_posthoc,False,,,0,,,,,,
8701,Male,aggressive,C2_pre_rule,True,0.0,0.0,4,8.25,2.5321,0.0,0.0,0.0,0.0
8701,Male,conservative,C2_pre_rule,True,0.0,0.0,4,9.0,3.077,0.0,0.0,0.0,0.0
9664,Male,-,C0_pure,True,0.0,0.0,4,14.5,14.3364,0.0,0.25,0.25,1.0
9664,Male,-,C1_posthoc,False,,,0,,,,,,
9664,Male,aggressive,C2_pre_rule,True,0.0,0.0,4,7.25,4.438,0.0,0.0,0.0,0.0
9664,Male,conservative,C2_pre_rule,True,0.0,0.0,4,7.75,4.1286,0.0,0.0,0.0,0.0
