pid,gender,c0_feasible,n_cand,posthoc_a0.25,posthoc_a0.5,posthoc_a0.75,posthoc_a1.0,posthoc_a1.5,posthoc_a2.0,posthoc_a3.0,posthoc_a5.0
7074,Male,True,4,False,False,False,False,False,False,False,False
4311,Male,True,4,False,False,False,False,False,False,False,False
8566,Male,True,4,False,False,False,False,False,False,False,False
7460,Male,True,4,False,False,False,False,False,False,False,False
6650,Male,True,4,False,False,False,False,False,False,False,False
7018,Male,True,4,False,False,False,False,False,False,False,False
4071,Male,True,4,False,False,False,False,False,False,False,False
7225,Male,True,4,False,False,False,False,False,False,False,False
5728,Male,True,4,False,False,False,False,False,False,False,False
4126,Male,True,4,False,False,False,False,False,False,False,False
4158,Male,True,4,False,False,False,False,False,False,False,False
7992,Male,True,4,False,False,False,False,False,False,False,False
8795,Male,True,4,False,False,False,False,False,False,False,False
9073,Male,True,4,False,False,False,False,False,False,False,False
3612,Male,True,4,False,False,False,False,False,False,False,False
7902,Male,True,4,False,False,False,False,False,False,False,False
5416,Male,True,4,False,False,False,False,False,False,False,False
8167,Male,True,4,False,False,False,False,False,False,False,False
3338,Male,True,4,False,False,False,False,False,False,False,False
9469,Male,True,3,False,False,False,False,False,False,False,False
5145,Male,True,4,False,False,False,False,False,False,False,False
6627,Male,True,4,False,False,False,False,False,False,False,False
6633,Male,True,4,False,False,False,False,False,False,False,False
5186,Male,True,4,False,False,False,False,False,False,False,False
6593,Male,True,4,False,False,False,False,False,False,False,False
9211,Male,True,4,False,False,False,False,False,False,False,False
5110,Male,True,4,False,False,False,False,False,False,False,False
8291,Male,True,4,False,False,False,False,False,False,False,False
3417,Male,True,4,False,False,False,False,False,False,False,False
8760,Male,True,4,False,False,False,False,False,False,False,False
9287,Male,True,4,False,False,False,False,False,False,False,False
8845,Male,True,4,False,False,False,False,False,False,False,False
8989,Male,True,4,False,False,False,False,False,False,False,False
3752,Male,True,4,False,False,False,False,False,False,False,False
7745,Male,True,4,False,False,False,False,False,False,False,False
8076,Male,True,4,False,False,False,False,False,False,False,False
2601,Male,True,4,False,False,False,False,False,False,False,False
8843,Male,True,4,False,False,False,False,False,False,False,False
3197,Male,True,4,False,False,False,False,False,False,False,False
6589,Male,True,4,False,False,False,False,False,False,False,False
6419,Male,True,4,False,False,False,False,False,False,False,False
3027,Male,True,4,False,False,False,False,False,False,False,False
6352,Male,True,4,False,False,False,False,False,False,False,False
5447,Male,True,4,False,False,False,False,False,False,False,False
7856,Male,True,4,False,False,False,False,False,False,False,False
8516,Male,True,4,False,False,False,False,False,False,False,False
3849,Male,True,4,False,False,False,False,False,False,False,False
2733,Male,True,4,False,False,False,False,False,False,False,False
8363,Male,True,2,False,False,False,False,False,False,False,False
9053,Male,True,4,False,False,False,False,False,False,False,False
7007,Male,True,4,False,False,False,False,False,False,False,False
8374,Male,True,3,False,False,False,False,False,False,False,False
5925,Male,True,4,False,False,False,False,False,False,False,False
4792,Male,True,4,False,False,False,False,False,False,False,False
8521,Male,True,4,False,False,False,False,False,False,False,False
8410,Male,True,4,False,False,False,False,False,False,False,False
9595,Male,True,4,False,False,False,False,False,False,False,False
8225,Male,True,4,False,False,False,False,False,False,False,False
6704,Male,True,4,False,False,False,False,False,False,False,False
6524,Male,True,4,False,False,False,False,False,False,False,False
3865,Male,True,4,False,False,False,False,False,False,False,False
7571,Male,True,4,False,False,False,False,False,False,False,False
9381,Male,True,4,False,False,False,False,False,False,False,False
2694,Male,True,4,False,False,False,False,False,False,False,False
6647,Male,True,4,False,False,False,False,False,False,False,False
6681,Male,True,3,False,False,False,False,False,False,False,False
3537,Male,True,4,False,False,False,False,False,False,False,False
8517,Male,True,4,False,False,False,False,False,False,False,False
5624,Male,True,4,False,False,False,False,False,False,False,False
9456,Male,True,4,False,False,False,False,False,False,False,False
6741,Male,True,4,False,False,False,False,False,False,False,False
9657,Male,True,4,False,False,False,False,False,False,False,False
2712,Male,True,3,False,False,False,False,False,False,False,False
8857,Male,True,3,False,False,False,False,False,False,False,False
3385,Male,True,4,False,False,False,False,False,False,False,False
3022,Male,True,4,False,False,False,False,False,False,False,False
6624,Male,True,3,False,False,False,False,False,False,False,False
8834,Male,True,4,False,False,False,False,False,False,False,False
3276,Male,True,4,False,False,False,False,False,False,False,False
3203,Male,True,4,False,False,False,False,False,False,False,False
6707,Male,True,4,False,False,False,False,False,False,False,False
4297,Male,True,3,False,False,False,False,False,False,False,False
9075,Male,True,4,False,False,False,False,False,False,False,False
5539,Male,True,4,False,False,False,False,False,False,False,False
5946,Male,True,4,False,False,False,False,False,False,False,False
3726,Male,True,4,False,False,False,False,False,False,False,False
6164,Male,True,4,False,False,False,False,False,False,False,False
8701,Male,True,3,False,False,False,False,False,False,False,False
9664,Male,True,4,False,False,False,False,False,False,False,False
8595,Female,True,4,False,False,False,False,False,False,False,False
6832,Female,True,4,False,False,False,False,False,False,False,False
6220,Female,True,4,False,False,False,False,False,False,False,False
7997,Female,True,4,False,False,False,False,False,False,False,False
6604,Female,True,4,False,False,False,False,False,False,False,False
8684,Female,True,4,False,False,False,False,False,False,False,False
3657,Female,True,4,False,False,False,False,False,False,False,False
6319,Female,True,4,False,False,False,False,False,False,False,False
6725,Female,True,4,False,False,False,False,False,False,False,False
9719,Female,True,4,False,False,False,False,False,False,False,False
8375,Female,True,4,False,False,False,False,False,False,False,False
6901,Female,True,3,False,False,False,False,False,False,False,False
9270,Female,True,4,False,False,False,False,False,False,False,False
8996,Female,True,4,False,False,False,False,False,False,False,False
3898,Female,True,4,False,False,False,False,False,False,False,False
4766,Female,True,4,False,False,False,False,False,False,False,False
6552,Female,True,4,False,False,False,False,False,False,False,False
4088,Female,True,4,False,False,False,False,False,False,False,False
6670,Female,True,4,False,False,False,False,False,False,False,False
9561,Female,True,4,False,False,False,False,False,False,False,False
3788,Female,True,4,False,False,False,False,False,False,False,False
7990,Female,True,4,False,False,False,False,False,False,False,False
6735,Female,True,4,False,False,False,False,False,False,False,False
9155,Female,True,4,False,False,False,False,False,False,False,False
2599,Female,True,4,False,False,False,False,False,False,False,False
3879,Female,True,4,False,False,False,False,False,False,False,False
4303,Female,True,4,False,False,False,False,False,False,False,False
7732,Female,True,4,False,False,False,False,False,False,False,False
7051,Female,True,4,False,False,False,False,False,False,False,False
8548,Female,True,4,False,False,False,False,False,False,False,False
4767,Female,True,4,False,False,False,False,False,False,False,False
7741,Female,True,4,False,False,False,False,False,False,False,False
6511,Female,True,4,False,False,False,False,False,False,False,False
9616,Female,True,4,False,False,False,False,False,False,False,False
6616,Female,True,4,False,False,False,False,False,False,False,False
7857,Female,True,4,False,False,False,False,False,False,False,False
9051,Female,True,4,False,False,False,False,False,False,False,False
7933,Female,True,4,False,False,False,False,False,False,False,False
8392,Female,True,4,False,False,False,False,False,False,False,False
7372,Female,True,4,False,False,False,False,False,False,False,False
6320,Female,True,4,False,False,False,False,False,False,False,False
8101,Female,True,4,False,False,False,False,False,False,False,False
9544,Female,True,4,False,False,False,False,False,False,False,False
8554,Female,True,4,False,False,False,False,False,False,False,False
6161,Female,True,4,False,False,False,False,False,False,False,False
4957,Female,True,4,False,False,False,False,False,False,False,False
7519,Female,True,4,False,False,False,False,False,False,False,False
9460,Female,True,4,False,False,False,False,False,False,False,False
4882,Female,True,4,False,False,False,False,False,False,False,False
5058,Female,True,4,False,False,False,False,False,False,False,False
2818,Female,True,4,False,False,False,False,False,False,False,False
8008,Female,True,4,False,False,False,False,False,False,False,False
6949,Female,True,4,False,False,False,False,False,False,False,False
8162,Female,True,4,False,False,False,False,False,False,False,False
4248,Female,True,4,False,False,False,False,False,False,False,False
7139,Female,True,4,False,False,False,False,False,False,False,False
6673,Female,True,4,False,False,False,False,False,False,False,False
6447,Female,True,4,False,False,False,False,False,False,False,False
8919,Female,True,3,False,False,False,False,False,False,False,False
9451,Female,True,4,False,False,False,False,False,False,False,False
3534,Female,True,4,False,False,False,False,False,False,False,False
8233,Female,True,4,False,False,False,False,False,False,False,False
8998,Female,True,4,False,False,False,False,False,False,False,False
6938,Female,True,4,False,False,False,False,False,False,False,False
7255,Female,True,4,False,False,False,False,False,False,False,False
4034,Female,True,4,False,False,False,False,False,False,False,False
