pid,gender,v_range,v_noinc,v_couple,v_floor,admissible
7074,Male,True,True,True,True,False
7074,Male,True,True,True,True,False
7074,Male,True,True,True,True,False
7074,Male,True,True,True,False,False
4311,Male,True,True,False,False,False
4311,Male,True,True,False,False,False
4311,Male,True,True,True,True,False
4311,Male,True,True,True,True,False
8566,Male,True,True,True,False,False
8566,Male,True,True,False,False,False
8566,Male,True,True,True,True,False
8566,Male,True,True,True,True,False
7460,Male,True,True,True,False,False
7460,Male,True,True,True,False,False
7460,Male,True,True,True,True,False
7460,Male,True,True,True,True,False
6650,Male,True,True,False,False,False
6650,Male,True,True,True,False,False
6650,Male,True,True,False,False,False
6650,Male,True,True,False,False,False
7018,Male,True,True,True,False,False
7018,Male,True,False,True,True,False
7018,Male,True,True,False,False,False
7018,Male,True,True,True,True,False
4071,Male,True,True,True,False,False
4071,Male,True,True,False,False,False
4071,Male,True,True,True,False,False
4071,Male,True,True,False,False,False
7225,Male,True,True,False,False,False
7225,Male,True,True,True,True,False
7225,Male,True,True,False,True,False
7225,Male,True,True,False,False,False
5728,Male,True,True,False,True,False
5728,Male,True,True,False,True,False
5728,Male,True,True,True,True,False
5728,Male,True,True,False,True,False
4126,Male,True,True,True,True,False
4126,Male,True,True,False,False,False
4126,Male,True,True,False,False,False
4126,Male,True,True,False,True,False
4158,Male,True,True,False,False,False
4158,Male,True,True,False,False,False
4158,Male,True,True,True,True,False
4158,Male,True,True,False,False,False
7992,Male,True,True,True,False,False
7992,Male,True,False,False,False,False
7992,Male,True,True,False,False,False
7992,Male,True,True,False,False,False
8795,Male,True,True,False,False,False
8795,Male,True,True,False,False,False
8795,Male,True,True,False,False,False
8795,Male,True,True,False,False,False
9073,Male,True,True,True,False,False
9073,Male,True,True,False,False,False
9073,Male,True,True,True,True,False
9073,Male,True,True,False,False,False
3612,Male,True,True,True,False,False
3612,Male,True,True,False,False,False
3612,Male,True,True,False,False,False
3612,Male,True,True,False,False,False
7902,Male,True,True,False,False,False
7902,Male,True,True,True,False,False
7902,Male,True,False,True,True,False
5416,Male,True,True,False,False,False
5416,Male,True,True,False,True,False
5416,Male,True,True,False,False,False
5416,Male,True,True,False,False,False
8167,Male,True,True,True,True,False
8167,Male,True,True,False,False,False
8167,Male,True,False,False,False,False
8167,Male,True,True,False,False,False
3338,Male,True,True,True,True,False
3338,Male,True,True,True,False,False
3338,Male,True,True,True,False,False
3338,Male,True,True,True,True,False
9469,Male,True,True,False,False,False
9469,Male,True,False,True,False,False
9469,Male,True,True,True,False,False
5145,Male,True,True,True,True,False
5145,Male,True,True,True,True,False
5145,Male,True,True,True,True,False
6627,Male,True,True,True,False,False
6627,Male,True,True,True,True,False
6627,Male,True,True,True,True,False
6627,Male,True,False,False,True,False
6633,Male,True,True,False,False,False
6633,Male,True,True,False,False,False
6633,Male,True,True,False,True,False
6633,Male,True,True,False,False,False
5186,Male,True,True,True,True,False
5186,Male,True,True,True,True,False
5186,Male,True,True,True,False,False
5186,Male,True,True,True,False,False
6593,Male,True,True,False,False,False
6593,Male,True,True,False,False,False
6593,Male,True,False,False,False,False
6593,Male,True,True,False,False,False
9211,Male,True,True,False,False,False
9211,Male,True,True,True,True,False
9211,Male,True,True,False,False,False
9211,Male,True,True,True,True,False
5110,Male,True,True,True,True,False
5110,Male,True,True,False,True,False
5110,Male,True,True,True,False,False
5110,Male,True,True,False,False,False
8291,Male,True,True,True,False,False
8291,Male,True,True,False,False,False
8291,Male,True,True,True,False,False
8291,Male,True,True,True,True,False
3417,Male,True,True,True,False,False
3417,Male,True,True,True,False,False
3417,Male,True,True,True,False,False
3417,Male,True,True,True,False,False
8760,Male,True,True,False,False,False
8760,Male,True,True,True,True,False
8760,Male,True,True,True,False,False
8760,Male,True,True,False,False,False
9287,Male,True,True,True,False,False
9287,Male,True,True,True,False,False
9287,Male,True,True,True,False,False
9287,Male,True,True,True,True,False
8845,Male,True,True,True,False,False
8845,Male,True,True,False,False,False
8845,Male,True,True,True,False,False
8845,Male,True,True,True,False,False
8989,Male,True,True,False,False,False
8989,Male,True,True,False,False,False
8989,Male,True,True,False,False,False
8989,Male,True,True,False,False,False
3752,Male,True,True,False,True,False
3752,Male,True,True,False,False,False
3752,Male,True,True,False,False,False
3752,Male,True,True,False,False,False
7745,Male,True,True,False,False,False
7745,Male,True,True,False,False,False
7745,Male,True,True,False,True,False
7745,Male,True,True,False,True,False
8076,Male,True,True,True,False,False
8076,Male,True,False,False,True,False
8076,Male,True,True,True,True,False
8076,Male,True,True,False,False,False
2601,Male,True,False,True,True,False
2601,Male,True,True,True,True,False
2601,Male,True,True,False,True,False
2601,Male,True,True,True,True,False
8843,Male,True,True,True,True,False
8843,Male,True,True,False,True,False
8843,Male,True,True,True,False,False
8843,Male,True,False,True,True,False
3197,Male,True,True,False,False,False
3197,Male,True,True,False,False,False
3197,Male,True,True,False,False,False
3197,Male,True,True,True,False,False
6589,Male,True,True,False,False,False
6589,Male,True,True,True,False,False
6589,Male,True,True,False,False,False
6589,Male,True,True,False,False,False
6419,Male,True,True,False,False,False
6419,Male,True,True,True,False,False
6419,Male,True,True,True,True,False
6419,Male,True,True,True,False,False
3027,Male,True,False,False,True,False
3027,Male,True,True,False,True,False
3027,Male,True,False,False,True,False
3027,Male,True,False,False,True,False
6352,Male,True,True,True,True,False
6352,Male,True,True,False,True,False
6352,Male,True,True,False,False,False
6352,Male,True,True,False,False,False
5447,Male,True,True,False,False,False
5447,Male,True,True,False,False,False
5447,Male,True,True,False,False,False
5447,Male,True,True,False,False,False
7856,Male,True,True,False,False,False
7856,Male,True,True,False,False,False
7856,Male,True,True,True,False,False
7856,Male,True,True,False,False,False
8516,Male,True,True,True,False,False
8516,Male,True,True,False,True,False
8516,Male,True,True,True,True,False
8516,Male,True,True,True,True,False
3849,Male,True,True,True,True,False
3849,Male,True,True,False,False,False
3849,Male,True,True,True,False,False
3849,Male,True,True,False,False,False
2733,Male,True,True,True,True,False
2733,Male,True,True,True,True,False
2733,Male,True,True,True,False,False
2733,Male,True,True,True,False,False
8363,Male,True,False,True,True,False
8363,Male,True,True,True,True,False
8363,Male,True,True,True,False,False
9053,Male,True,True,True,True,False
9053,Male,True,True,True,False,False
9053,Male,True,True,True,True,False
9053,Male,True,True,True,True,False
7007,Male,True,True,False,False,False
7007,Male,True,True,True,False,False
7007,Male,True,True,False,True,False
7007,Male,True,True,False,False,False
8374,Male,True,True,False,False,False
8374,Male,True,True,False,False,False
8374,Male,True,True,False,False,False
8374,Male,True,True,False,False,False
5925,Male,True,False,False,False,False
5925,Male,True,True,True,False,False
5925,Male,True,True,True,False,False
5925,Male,True,False,True,True,False
4792,Male,True,True,True,False,False
4792,Male,True,False,True,True,False
4792,Male,True,True,True,False,False
4792,Male,True,True,True,False,False
8521,Male,True,True,True,True,False
8521,Male,True,True,True,True,False
8521,Male,True,True,True,False,False
8521,Male,True,True,True,False,False
8410,Male,True,True,True,False,False
8410,Male,True,True,True,True,False
8410,Male,True,True,True,True,False
8410,Male,True,False,True,True,False
9595,Male,True,True,False,False,False
9595,Male,True,True,False,False,False
9595,Male,True,True,False,False,False
9595,Male,True,False,True,False,False
8225,Male,True,True,False,False,False
8225,Male,True,False,True,True,False
8225,Male,True,True,False,False,False
8225,Male,True,False,True,True,False
6704,Male,True,False,False,False,False
6704,Male,True,True,False,False,False
6704,Male,True,True,False,False,False
6524,Male,True,True,False,False,False
6524,Male,True,True,False,False,False
6524,Male,True,True,False,False,False
6524,Male,True,True,True,True,False
3865,Male,True,True,True,False,False
3865,Male,True,True,False,False,False
3865,Male,True,True,False,False,False
3865,Male,True,True,False,False,False
7571,Male,True,True,True,False,False
7571,Male,True,True,False,False,False
7571,Male,True,True,True,False,False
7571,Male,True,True,True,False,False
9381,Male,True,True,True,True,False
9381,Male,True,False,False,True,False
9381,Male,True,False,False,False,False
9381,Male,True,False,False,True,False
2694,Male,True,True,True,False,False
2694,Male,True,True,False,False,False
2694,Male,True,True,False,False,False
2694,Male,True,True,False,False,False
6647,Male,True,True,True,True,False
6647,Male,True,True,True,True,False
6647,Male,True,True,True,True,False
6647,Male,True,True,False,False,False
6681,Male,True,True,True,False,False
6681,Male,True,True,True,True,False
6681,Male,True,True,True,True,False
3537,Male,True,True,False,False,False
3537,Male,True,True,False,False,False
3537,Male,True,True,False,False,False
3537,Male,True,False,True,True,False
8517,Male,True,True,False,False,False
8517,Male,True,True,True,False,False
8517,Male,True,False,False,False,False
8517,Male,True,True,True,False,False
5624,Male,True,True,True,True,False
5624,Male,True,True,True,False,False
5624,Male,True,True,True,False,False
5624,Male,True,True,True,False,False
9456,Male,True,True,True,False,False
9456,Male,True,True,False,False,False
9456,Male,True,True,True,True,False
9456,Male,True,True,True,False,False
6741,Male,True,True,False,True,False
6741,Male,True,True,False,True,False
6741,Male,True,True,False,False,False
6741,Male,True,True,False,False,False
9657,Male,True,True,False,False,False
9657,Male,True,True,False,True,False
9657,Male,True,True,False,False,False
9657,Male,True,True,True,True,False
2712,Male,True,True,True,True,False
2712,Male,True,True,False,False,False
2712,Male,True,True,True,False,False
2712,Male,True,True,True,False,False
8857,Male,True,True,False,False,False
8857,Male,True,True,False,False,False
8857,Male,True,True,True,False,False
8857,Male,True,True,True,True,False
3385,Male,True,True,True,True,False
3385,Male,True,True,False,False,False
3385,Male,True,True,False,False,False
3385,Male,True,True,True,False,False
3022,Male,True,True,False,False,False
3022,Male,True,True,True,False,False
3022,Male,True,True,False,False,False
3022,Male,True,True,True,True,False
6624,Male,True,True,False,False,False
6624,Male,True,True,False,False,False
6624,Male,True,True,True,True,False
6624,Male,True,True,True,True,False
8834,Male,True,True,False,False,False
8834,Male,True,True,False,False,False
8834,Male,True,False,True,True,False
8834,Male,True,True,False,False,False
3276,Male,True,True,False,False,False
3276,Male,True,True,True,True,False
3276,Male,True,True,True,False,False
3276,Male,True,True,False,False,False
3203,Male,True,True,False,False,False
3203,Male,True,True,False,False,False
3203,Male,True,False,False,True,False
3203,Male,True,False,False,False,False
6707,Male,True,True,False,True,False
6707,Male,True,True,False,False,False
6707,Male,True,True,False,False,False
6707,Male,True,True,False,False,False
4297,Male,True,True,False,False,False
4297,Male,True,True,True,False,False
4297,Male,True,True,True,True,False
9075,Male,True,True,False,False,False
9075,Male,True,True,False,False,False
9075,Male,True,False,False,False,False
9075,Male,True,True,True,False,False
5539,Male,True,True,True,False,False
5539,Male,True,True,True,False,False
5539,Male,True,True,False,False,False
5539,Male,True,True,True,False,False
5946,Male,True,True,True,False,False
5946,Male,True,True,True,False,False
5946,Male,True,True,True,False,False
5946,Male,True,True,False,False,False
3726,Male,True,True,True,False,False
3726,Male,True,True,True,False,False
3726,Male,True,True,False,False,False
3726,Male,True,True,False,False,False
6164,Male,True,True,True,False,False
6164,Male,True,True,False,False,False
6164,Male,True,True,True,False,False
6164,Male,True,True,False,False,False
8701,Male,True,True,False,False,False
8701,Male,True,True,True,False,False
8701,Male,True,True,False,True,False
9664,Male,True,True,False,False,False
9664,Male,True,True,False,False,False
9664,Male,True,True,False,False,False
9664,Male,True,True,False,False,False
8595,Female,True,True,False,True,False
8595,Female,True,True,False,False,False
8595,Female,True,True,True,False,False
8595,Female,True,True,True,True,False
6832,Female,True,True,True,False,False
6832,Female,True,True,True,True,False
6832,Female,True,True,False,True,False
6832,Female,True,True,True,True,False
6220,Female,True,False,False,False,False
6220,Female,True,True,False,True,False
6220,Female,True,True,False,False,False
6220,Female,True,False,False,False,False
7997,Female,True,True,True,True,False
7997,Female,True,True,True,False,False
7997,Female,True,True,True,False,False
7997,Female,True,True,True,False,False
6604,Female,True,True,False,False,False
6604,Female,True,True,True,False,False
6604,Female,True,True,False,False,False
6604,Female,True,True,True,False,False
8684,Female,True,True,False,False,False
8684,Female,True,True,False,False,False
8684,Female,True,True,True,False,False
8684,Female,True,True,False,False,False
3657,Female,True,True,True,False,False
3657,Female,True,True,False,True,False
3657,Female,True,True,True,True,False
3657,Female,True,True,False,True,False
6319,Female,True,True,False,False,False
6319,Female,True,True,True,True,False
6319,Female,True,True,True,True,False
6319,Female,True,True,False,True,False
6725,Female,True,False,False,True,False
6725,Female,True,True,True,False,False
6725,Female,True,True,False,False,False
6725,Female,True,True,False,False,False
9719,Female,True,True,False,False,False
9719,Female,True,True,False,False,False
9719,Female,True,True,False,True,False
9719,Female,True,True,False,False,False
8375,Female,True,True,False,False,False
8375,Female,True,True,False,True,False
8375,Female,True,True,False,True,False
8375,Female,True,True,False,False,False
6901,Female,True,True,True,True,False
6901,Female,True,True,True,True,False
6901,Female,True,True,False,True,False
9270,Female,True,True,False,False,False
9270,Female,True,True,True,False,False
9270,Female,True,True,True,True,False
9270,Female,True,True,True,False,False
8996,Female,True,True,False,False,False
8996,Female,True,True,False,False,False
8996,Female,True,True,False,False,False
8996,Female,True,True,False,False,False
3898,Female,True,True,False,False,False
3898,Female,True,False,True,True,False
3898,Female,True,True,False,True,False
3898,Female,True,False,False,False,False
4766,Female,True,True,True,False,False
4766,Female,True,True,False,False,False
4766,Female,True,True,False,False,False
4766,Female,True,True,False,False,False
6552,Female,True,True,False,False,False
6552,Female,True,True,True,False,False
6552,Female,True,True,False,False,False
6552,Female,True,True,True,True,False
4088,Female,True,True,True,False,False
4088,Female,True,True,True,False,False
4088,Female,True,True,True,True,False
4088,Female,True,True,True,False,False
6670,Female,True,True,True,True,False
6670,Female,True,True,True,True,False
6670,Female,True,True,False,True,False
6670,Female,True,True,True,True,False
9561,Female,True,True,False,False,False
9561,Female,True,True,True,False,False
9561,Female,True,True,True,False,False
9561,Female,True,True,False,False,False
3788,Female,True,True,False,False,False
3788,Female,True,True,False,False,False
3788,Female,True,True,False,False,False
3788,Female,True,True,False,False,False
7990,Female,True,True,False,False,False
7990,Female,True,True,True,False,False
7990,Female,True,True,False,False,False
7990,Female,True,True,True,False,False
6735,Female,True,True,True,True,False
6735,Female,True,True,True,True,False
6735,Female,True,True,True,False,False
6735,Female,True,True,True,True,False
9155,Female,True,True,False,True,False
9155,Female,True,True,False,True,False
9155,Female,True,True,True,True,False
9155,Female,True,True,False,True,False
2599,Female,True,True,False,True,False
2599,Female,True,True,True,True,False
2599,Female,True,True,False,True,False
2599,Female,True,True,False,True,False
3879,Female,True,True,False,True,False
3879,Female,True,True,True,True,False
3879,Female,True,True,True,False,False
3879,Female,True,True,True,True,False
4303,Female,True,True,False,False,False
4303,Female,True,True,False,False,False
4303,Female,True,True,True,True,False
4303,Female,True,True,True,False,False
7732,Female,True,True,True,False,False
7732,Female,True,True,False,False,False
7732,Female,True,True,False,False,False
7732,Female,True,False,False,True,False
7051,Female,True,True,False,False,False
7051,Female,True,True,True,True,False
7051,Female,True,True,False,False,False
7051,Female,True,True,False,False,False
8548,Female,True,True,False,False,False
8548,Female,True,True,False,False,False
8548,Female,True,True,False,True,False
8548,Female,True,True,False,False,False
4767,Female,True,True,True,True,False
4767,Female,True,True,True,True,False
4767,Female,True,True,True,True,False
4767,Female,True,True,True,False,False
7741,Female,True,True,False,True,False
7741,Female,True,True,True,True,False
7741,Female,True,True,False,True,False
7741,Female,True,True,False,True,False
6511,Female,True,True,False,False,False
6511,Female,True,True,False,False,False
6511,Female,True,True,False,False,False
6511,Female,True,True,True,False,False
9616,Female,True,True,True,False,False
9616,Female,True,True,True,False,False
9616,Female,True,True,False,False,False
9616,Female,True,True,False,True,False
6616,Female,True,True,False,False,False
6616,Female,True,True,False,False,False
6616,Female,True,False,False,False,False
6616,Female,True,True,True,False,False
7857,Female,True,True,True,False,False
7857,Female,True,True,True,True,False
7857,Female,True,True,False,False,False
7857,Female,True,True,True,True,False
9051,Female,True,True,True,False,False
9051,Female,True,True,True,False,False
9051,Female,True,True,False,False,False
9051,Female,True,True,False,False,False
7933,Female,True,True,False,True,False
7933,Female,True,True,False,False,False
7933,Female,True,True,False,False,False
7933,Female,True,False,True,True,False
8392,Female,True,True,False,False,False
8392,Female,True,True,False,False,False
8392,Female,True,True,True,True,False
8392,Female,True,True,False,False,False
7372,Female,True,False,True,True,False
7372,Female,True,True,False,True,False
7372,Female,True,False,True,True,False
7372,Female,True,True,True,True,False
6320,Female,True,True,False,False,False
6320,Female,True,True,True,True,False
6320,Female,True,True,True,True,False
6320,Female,True,True,False,False,False
8101,Female,True,True,True,False,False
8101,Female,True,True,True,False,False
8101,Female,True,True,True,True,False
8101,Female,True,True,True,False,False
9544,Female,True,False,False,True,False
9544,Female,True,True,False,True,False
9544,Female,True,True,False,True,False
9544,Female,True,True,False,True,False
8554,Female,True,True,False,False,False
8554,Female,True,True,True,True,False
8554,Female,True,True,False,False,False
8554,Female,True,True,False,True,False
6161,Female,True,True,False,True,False
6161,Female,True,True,False,True,False
6161,Female,True,False,False,True,False
6161,Female,True,True,True,True,False
4957,Female,True,True,True,False,False
4957,Female,True,True,False,False,False
4957,Female,True,True,True,False,False
4957,Female,True,True,True,False,False
7519,Female,True,True,False,False,False
7519,Female,True,True,False,True,False
7519,Female,True,True,False,False,False
7519,Female,True,True,True,False,False
9460,Female,True,True,True,False,False
9460,Female,True,True,True,True,False
9460,Female,True,True,False,False,False
9460,Female,True,True,True,True,False
4882,Female,True,True,False,False,False
4882,Female,True,True,True,True,False
4882,Female,True,True,False,True,False
4882,Female,True,True,True,False,False
5058,Female,True,True,False,False,False
5058,Female,True,True,False,False,False
5058,Female,True,True,False,False,False
5058,Female,True,True,True,False,False
2818,Female,True,True,True,False,False
2818,Female,True,True,False,False,False
2818,Female,True,True,True,True,False
2818,Female,True,True,True,True,False
8008,Female,True,True,False,False,False
8008,Female,True,True,False,False,False
8008,Female,True,True,False,False,False
8008,Female,True,True,False,False,False
6949,Female,True,True,False,False,False
6949,Female,True,True,True,False,False
6949,Female,True,True,True,False,False
6949,Female,True,False,True,True,False
8162,Female,True,True,False,False,False
8162,Female,True,True,True,False,False
8162,Female,True,False,True,True,False
8162,Female,True,True,False,False,False
4248,Female,True,False,True,True,False
4248,Female,True,True,False,True,False
4248,Female,True,True,False,True,False
4248,Female,True,True,False,True,False
7139,Female,True,True,True,False,False
7139,Female,True,True,True,False,False
7139,Female,True,True,True,True,False
7139,Female,True,True,True,False,False
6673,Female,True,True,False,False,False
6673,Female,True,True,False,True,False
6673,Female,True,True,True,False,False
6673,Female,True,True,True,False,False
6447,Female,True,True,False,False,False
6447,Female,True,True,False,False,False
6447,Female,True,True,False,False,False
6447,Female,True,True,False,True,False
8919,Female,True,True,True,False,False
8919,Female,True,True,False,False,False
8919,Female,True,True,True,True,False
8919,Female,True,True,True,False,False
9451,Female,True,True,True,False,False
9451,Female,True,True,True,True,False
9451,Female,True,False,False,False,False
9451,Female,True,False,False,False,False
3534,Female,True,True,True,True,False
3534,Female,True,True,True,True,False
3534,Female,True,True,True,True,False
3534,Female,True,True,True,True,False
8233,Female,True,True,False,False,False
8233,Female,True,True,True,False,False
8233,Female,True,True,False,False,False
8233,Female,True,False,True,True,False
8998,Female,True,True,True,True,False
8998,Female,True,True,True,False,False
8998,Female,True,True,True,True,False
8998,Female,True,True,True,True,False
6938,Female,True,True,True,True,False
6938,Female,True,True,True,True,False
6938,Female,True,True,False,False,False
6938,Female,True,True,True,True,False
7255,Female,True,True,True,False,False
7255,Female,True,True,False,False,False
7255,Female,True,True,True,False,False
7255,Female,True,True,True,True,False
4034,Female,True,True,False,True,False
4034,Female,True,True,False,True,False
4034,Female,True,True,True,True,False
4034,Female,True,True,False,True,False
